Workbook

Sheet Inputs
A1: FAIR Risk Analysis — Кейс 1: Банк (витік конфіденційних даних)
A2: Аркуш Inputs — Вхідні параметри для аналізу ризиків
A3: Параметр | B3: Min | C3: Mode | D3: Max | E3: PERT Estimate | F3: Опис
A4: ▌ Параметри загрози (Threat Parameters)
A5: Threat Capability (Tcap) | B5: 0.6 | C5: 0.75 | D5: 0.9 | E5: =(B5+4*C5+D5)/6 -> 0.75 | F5: Рівень технічних можливостей атакувальника (0–1)
A6: Difficulty (Diff) | B6: 0.3 | C6: 0.4 | D6: 0.6 | E6: =(B6+4*C6+D6)/6 -> 0.41666667 | F6: Складність успішного виконання атаки (0–1)
A7: ▌ Параметри частоти (Frequency Parameters)
A8: Threat Event Frequency (TEF) | B8: 30 | C8: 50 | D8: 80 | E8: =(B8+4*C8+D8)/6 -> 51.666667 | F8: Очікувана кількість спроб атак на рік
A9: ▌ Параметри втрат (Loss Parameters)
A10: Primary Loss Magnitude (PLM) | B10: 1000000 | C10: 1500000 | D10: 2000000 | E10: =(B10+4*C10+D10)/6 -> 1500000 | F10: Середні фінансові втрати від одного інциденту (грн)
A11: Secondary Loss Event Frequency (SLEF) | B11: 0.4 | C11: 0.6 | D11: 0.8 | E11: =(B11+4*C11+D11)/6 -> 0.6 | F11: Ймовірність настання вторинних втрат (штрафи, суди) (0–1)
A12: Secondary Loss Magnitude (SLM) | B12: 2000000 | C12: 3000000 | D12: 5000000 | E12: =(B12+4*C12+D12)/6 -> 3166666.7 | F12: Вторинні фінансові втрати — штрафи, репутаційні збитки (грн)
A13: 📌 PERT Estimate = (Min + 4×Mode + Max) / 6 | Синій колір = вхідні дані; Чорний = розраховані значення

Sheet Calculations
A1: FAIR Risk Analysis — Calculations (Розрахунки)
A2: Аркуш Calculations — Автоматизовані розрахунки FAIR. Всі значення посилаються на аркуш Inputs.
A3: Показник | B3: Формула (FAIR) | C3: Значення | D3: Опис / Інтерпретація
A4: ▌ Крок 1: Вхідні дані (PERT Estimates з аркушу Inputs)
A5: Tcap (PERT) | B5: PERT = (Min + 4×Mode + Max) / 6 | C5: =Inputs!E5 -> 0.75 | D5: Рівень можливостей атакувальника (PERT)
A6: Diff (PERT) | B6: PERT = (Min + 4×Mode + Max) / 6 | C6: =Inputs!E6 -> 0.41666667 | D6: Складність атаки (PERT)
A7: TEF (PERT) | B7: PERT = (Min + 4×Mode + Max) / 6 | C7: =Inputs!E8 -> 51.666667 | D7: Частота подій загрози на рік (PERT)
A8: PLM (PERT) | B8: PERT = (Min + 4×Mode + Max) / 6 | C8: =Inputs!E10 -> 1500000 | D8: Первинна величина втрат (PERT), грн
A9: SLEF (PERT) | B9: PERT = (Min + 4×Mode + Max) / 6 | C9: =Inputs!E11 -> 0.6 | D9: Частота вторинних втрат (PERT)
A10: SLM (PERT) | B10: PERT = (Min + 4×Mode + Max) / 6 | C10: =Inputs!E12 -> 3166666.7 | D10: Вторинна величина втрат (PERT), грн
A11: ▌ Крок 2: Основні розрахунки FAIR
A12: Vulnerability (Vuln) | B12: Vuln = Tcap / (Tcap + Diff) | C12: =Inputs!E5/(Inputs!E5+Inputs!E6) -> 0.64285714 | D12: Ймовірність успішної атаки. Чим вищий Tcap відносно Diff — тим вища вразливість.
A13: Loss Event Frequency (LEF) | B13: LEF = TEF × Vuln | C13: =Inputs!E8*C12 -> 33.214286 | D13: Очікувана кількість успішних атак (із фінансовими втратами) на рік.
A14: Secondary Risk (SR) | B14: SR = LEF × SLEF | C14: =C13*Inputs!E11 -> 19.928571 | D14: Кількість подій на рік, що спричиняють вторинні втрати (штрафи, репутація, суди).
A15: ▌ Крок 3: Розрахунок втрат
A16: N_primary — кількість первинних інцидентів | B16: N_primary = LEF | C16: =C13 -> 33.214286 | D16: Кількість первинних інцидентів на рік = LEF (кожна успішна атака є первинним інцидентом).
A17: N_secondary — кількість вторинних інцидентів | B17: N_secondary = LEF × SLEF | C17: =C14 -> 19.928571 | D17: Кількість інцидентів на рік, що тягнуть за собою вторинні втрати.
A18: Loss Distribution (LossDist) — загальні втрати | B18: LossDist = (N_primary × PLM) + (N_secondary × SLM) | C18: =(C16*Inputs!E10)+(C17*Inputs!E12) -> 1.1292857e+08 | D18: Сума первинних та вторинних фінансових втрат за рік (грн).
A19: ▌ Крок 4: Annualized Loss Expectancy (ALE) — Ключовий показник
A20: 🎯 ALE — Річні Очікувані Збитки | B20: ALE = LossDist | C20: =C18 -> 1.1292857e+08 | D20: Очікувані загальні фінансові втрати за рік. Ключовий показник для прийняття рішень щодо інвестицій у безпеку.
A22: ▌ Крок 5: Висновки та рекомендації
A23: ВИСНОВКИ АНАЛІЗУ РИЗИКУ 1. Вразливість (Vuln) банку є відносно HIGH, оскільки можливості атакувальника (Tcap ≈ 0.75) суттєво перевищують складність атаки (Diff ≈ 0.42). Це означає, що більше половини спроб атакувальника є успішними. 2. Частота втратних подій (LEF) становить ~30+ подій на рік — кожна з яких несе прямі фінансові втрати. 3. ALE є критично HIGH. При бюджетуванні безпеки: інвестиції у засоби захисту виправдані, якщо їхня вартість менша за ALE. РЕКОМЕНДАЦІЇ: • Впровадити обов'язкову MFA для всіх співробітників (знижує Tcap) • Провести навчання з протидії фішингу (знижує TEF) • Оновити IDS/IPS та налаштувати SIEM-систему (підвищує Diff) • Зашифрувати бази даних та налаштувати DLP (знижує PLM) • Розробити план реагування на інциденти (знижує SLM)

Sheet DZ5_Assumptions
A1: ДЗ5 — Припущення, джерела та вихідні дані
A2: Кейс: банк; загроза: витік конфіденційних даних клієнтів. Числові припущення можна змінювати у синіх клітинках; формули в інших аркушах оновляться автоматично.
A4: Параметр | B4: Значення | C4: Пояснення
A5: Курс USD/UAH для навчального розрахунку | B5: 40 | C5: Можна змінити за потреби
A6: Кількість користувачів MFA | B6: 250 | C6: Працівники та привілейовані користувачі банку
A7: Кількість endpoint для EDR/IDS | B7: 250 | C7: Робочі станції та сервери
A8: SIEM, обсяг логів, GB/день | B8: 50 | C8: Навчальне припущення для бюджету
A9: WAF, запити на місяць, млн | B9: 100 | C9: Навчальне припущення для бюджету
A10: Зниження TEF після контролів | B10: 0.4 | C10: MFA, WAF, awareness, IAM
A11: Множник збільшення Difficulty | B11: 2.04 | C11: Технічні та адміністративні контроли збільшують складність атаки
A12: Зниження PLM після контролів | B12: 0.4 | C12: Шифрування, DLP, EDR, SIEM, backup
A14: Джерело / прайс | B14: URL | C14: Що використано в моделі | D14: Примітка
A15: Microsoft Entra ID pricing | B15: https://www.microsoft.com/en-us/security/business/microsoft-entra-pricing | C15: MFA / identity: Entra ID P1 $6/user/month | D15: Фактична ціна залежить від ліцензійного пакета
A16: Microsoft Entra MFA licensing | B16: https://learn.microsoft.com/en-us/entra/identity/authentication/concept-mfa-licensing | C16: Пояснення варіантів MFA licensing | D16: Може бути включено в наявні ліцензії
A17: AWS WAF pricing | B17: https://aws.amazon.com/waf/pricing/ | C17: Web ACL, rules, request pricing | D17: Вартість залежить від кількості правил і трафіку
A18: Microsoft Sentinel pricing | B18: https://www.microsoft.com/en-us/security/pricing/microsoft-sentinel | C18: Usage-based SIEM/log processing assumption | D18: Точний кошторис залежить від GB/day та retention
A19: Microsoft Defender for Endpoint | B19: https://www.microsoft.com/en-us/security/business/endpoint-security/microsoft-defender-endpoint | C19: EDR/endpoint protection capability | D19: Ціна може бути включена в M365 E5 або окрему угоду
A20: Azure Backup pricing | B20: https://azure.microsoft.com/en-us/pricing/details/backup/ | C20: Backup pricing model | D20: Залежить від protected instances, storage, redundancy
A21: Метод розрахунку | B21: Навчальне припущення | C21: CF та бюджет округлені для FAIR-моделі | D21: Не є комерційною пропозицією

Sheet DZ5_Controls
A1: ДЗ5 — Вибір заходів контролю для загрози витоку конфіденційних даних
A2: Загроза | B2: Контроль | C2: Категорія | D2: Тип | E2: Очікуваний ефект | F2: Параметр FAIR | G2: CF | H2: База вартості | I2: Річна вартість, грн | J2: Джерело / припущення
A3: Витік конфіденційних даних клієнтів банку | B3: MFA для співробітників і адміністраторів | C3: Запобігання | D3: Технічний | E3: Зменшує ймовірність компрометації облікових записів; знижує Vuln. | F3: Vuln | G3: 0.22 | H3: Entra ID P1: користувачі × $6 × 12 × курс | I3: =DZ5_Assumptions!$B$6*6*12*DZ5_Assumptions!$B$5 -> 720000 | J3: Microsoft Entra pricing
A4: Витік конфіденційних даних клієнтів банку | B4: Навчання з фішингу + симуляції | C4: Запобігання | D4: Адміністративний | E4: Зменшує успішність фішингу та кількість реальних спроб; знижує TEF. | F4: TEF | G4: 0.12 | H4: Фіксований навчальний бюджет | I4: =80000 -> 80000 | J4: Припущення
A5: Витік конфіденційних даних клієнтів банку | B5: Політика мінімальних привілеїв + щоквартальний access review | C5: Запобігання | D5: Адміністративний | E5: Зменшує площу атаки й шкоду від скомпрометованого акаунта; знижує Vuln/PLM. | F5: Vuln, PLM | G5: 0.1 | H5: Фіксований навчальний бюджет | I5: =120000 -> 120000 | J5: Припущення
A6: Витік конфіденційних даних клієнтів банку | B6: WAF + managed rules + anti-bot | C6: Запобігання | D6: Технічний | E6: Блокує типові веб-експлойти та автоматизовані атаки; знижує TEF і Vuln. | F6: TEF, Vuln | G6: 0.18 | H6: AWS WAF: web ACL + rules + requests + впровадження | I6: =((5+10*1+0.6*DZ5_Assumptions!$B$9)*12*DZ5_Assumptions!$B$5)+150000 -> 186000 | J6: AWS WAF pricing
A7: Витік конфіденційних даних клієнтів банку | B7: Шифрування БД + керування ключами + DLP | C7: Запобігання | D7: Технічний | E7: Зменшує обсяг корисних даних у разі витоку та регуляторні наслідки; знижує PLM/SLM. | F7: PLM, SLM | G7: 0.18 | H7: Фіксований навчальний бюджет | I7: =250000 -> 250000 | J7: Припущення
A8: Витік конфіденційних даних клієнтів банку | B8: SIEM: централізація логів і кореляційні правила | C8: Виявлення | D8: Технічний | E8: Швидше виявлення аномалій і скорочення dwell time; знижує PLM/SLM. | F8: PLM, SLM | G8: 0.15 | H8: GB/day × 365 × $0.10 × курс + налаштування | I8: =(DZ5_Assumptions!$B$8*365*0.1*DZ5_Assumptions!$B$5)+300000 -> 373000 | J8: Microsoft Sentinel pricing + припущення
A9: Витік конфіденційних даних клієнтів банку | B9: IDS/IPS + EDR для endpoint | C9: Виявлення | D9: Технічний | E9: Виявляє exploit, malware і lateral movement; знижує LEF і PLM. | F9: LEF, PLM | G9: 0.16 | H9: endpoint × $5 × 12 × курс + супровід | I9: =DZ5_Assumptions!$B$7*5*12*DZ5_Assumptions!$B$5+200000 -> 800000 | J9: Microsoft Defender for Endpoint + припущення
A10: Витік конфіденційних даних клієнтів банку | B10: План реагування на інциденти + tabletop exercises | C10: Відновлення | D10: Адміністративний | E10: Скорочує час локалізації, юридичні та PR-втрати; знижує SLM. | F10: SLM | G10: 0.1 | H10: Фіксований навчальний бюджет | I10: =100000 -> 100000 | J10: Припущення
A11: Витік конфіденційних даних клієнтів банку | B11: Immutable backup + регулярне тестування відновлення | C11: Відновлення | D11: Технічний | E11: Дозволяє відновити критичні системи після ransomware/data loss; знижує PLM/SLM. | F11: PLM, SLM | G11: 0.11 | H11: Фіксований навчальний бюджет | I11: =220000 -> 220000 | J11: Azure Backup pricing + припущення
A12: Витік конфіденційних даних клієнтів банку | B12: Контроль фізичного доступу до серверних приміщень | C12: Запобігання | D12: Фізичний | E12: Зменшує ризик несанкціонованого фізичного доступу до інфраструктури; знижує Vuln. | F12: Vuln | G12: 0.05 | H12: Фіксований навчальний бюджет | I12: =150000 -> 150000 | J12: Припущення
A13: Витік конфіденційних даних клієнтів банку | B13: Відеонагляд і перегляд журналів фізичного доступу | C13: Виявлення | D13: Фізичний | E13: Допомагає виявити/розслідувати інсайдерські дії та втручання; знижує SLM. | F13: SLM | G13: 0.04 | H13: Фіксований навчальний бюджет | I13: =100000 -> 100000 | J13: Припущення

Sheet DZ5_Risk
A1: ДЗ5 — Переоцінка FAIR-параметрів після впровадження контролів
A2: Параметр FAIR | B2: Було | C2: Очікуване після контролів | D2: Зміна | E2: Пояснення | G2: Показник | H2: Було | I2: Після контролів
A3: Threat Capability (Tcap) | B3: =Inputs!E5 -> 0.75 | C3: =B3 -> 0.75 | D3: =C3-B3 -> 0 | E3: Можливості атакувальника напряму не змінюються, бо контроль впроваджується на стороні банку. | G3: ALE | H3: =B12 -> 1.1292857e+08 | I3: =C12 -> 24703125
A4: Difficulty (Diff) | B4: =Inputs!E6 -> 0.41666667 | C4: =MIN(1,B4*DZ5_Assumptions!$B$11) -> 0.85 | D4: =C4-B4 -> 0.43333333 | E4: MFA, WAF, IAM, EDR і фізичний контроль підвищують складність успішної атаки. | G4: LEF | H4: =B7 -> 33.214286 | I4: =C7 -> 14.53125
A5: Vulnerability (Vuln) | B5: =B3/(B3+B4) -> 0.64285714 | C5: =C3/(C3+C4) -> 0.46875 | D5: =C5-B5 -> -0.17410714 | E5: Вразливість падає, бо Diff зростає щодо Tcap. | G5: PLM | H5: =B8 -> 1500000 | I5: =C8 -> 900000
A6: Threat Event Frequency (TEF) | B6: =Inputs!E8 -> 51.666667 | C6: =B6*(1-DZ5_Assumptions!$B$10) -> 31 | D6: =C6-B6 -> -20.666667 | E6: Awareness, WAF та IAM зменшують кількість результативних спроб атак.
A7: Loss Event Frequency (LEF) | B7: =B6*B5 -> 33.214286 | C7: =C6*C5 -> 14.53125 | D7: =C7-B7 -> -18.683036 | E7: LEF знижується як наслідок меншого TEF та меншої Vuln.
A8: Primary Loss Magnitude (PLM) | B8: =Inputs!E10 -> 1500000 | C8: =B8*(1-DZ5_Assumptions!$B$12) -> 900000 | D8: =C8-B8 -> -600000 | E8: Шифрування, DLP, EDR, SIEM і backup зменшують прямі витрати інциденту.
A9: Secondary Loss Event Frequency (SLEF) | B9: =Inputs!E11 -> 0.6 | C9: =B9*(1-0.3333333333) -> 0.4 | D9: =C9-B9 -> -0.2 | E9: Краща реакція та контроль доказів зменшують імовірність штрафів/судів після інциденту.
A10: Secondary Loss Magnitude (SLM) | B10: =Inputs!E12 -> 3166666.7 | C10: =B10*(1-0.3684210526) -> 2000000 | D10: =C10-B10 -> -1166666.7 | E10: IR-план, SIEM, DLP та комунікації скорочують регуляторні й репутаційні втрати.
A11: Secondary Risk (SR = LEF × SLEF) | B11: =B7*B9 -> 19.928571 | C11: =C7*C9 -> 5.8125 | D11: =C11-B11 -> -14.116071 | E11: Очікувана кількість інцидентів із вторинними втратами.
A12: Annualized Loss Expectancy (ALE) | B12: =B7*B8+B11*B10 -> 1.1292857e+08 | C12: =C7*C8+C11*C10 -> 24703125 | D12: =C12-B12 -> -88225446 | E12: Ключовий показник: LEF×PLM + SR×SLM.

Sheet DZ5_Budget_RR
A1: ДЗ5 — Розрахунок залишкового ризику та бюджетний аналіз
A3: Показник | B3: Значення | C3: Формула / пояснення | E3: Показник | F3: грн
A4: Початковий ризик / ALE | B4: =DZ5_Risk!B12 -> 1.1292857e+08 | C4: Коректний baseline FAIR: LEF×PLM + SR×SLM | E4: Початковий ALE | F4: =B4 -> 1.1292857e+08
A5: Залишковий ризик за FAIR-переоцінкою | B5: =DZ5_Risk!C12 -> 24703125 | C5: Очікуване ALE після контролів | E5: Residual ALE | F5: =B5 -> 24703125
A6: Сумарна річна вартість контролів | B6: =SUM(DZ5_Controls!I3:I13) -> 3099000 | C6: SUM по таблиці контролів | E6: Вартість контролів | F6: =B6 -> 3099000
A7: Зниження ризику | B7: =B4-B5 -> 88225446 | C7: Початковий ALE − Residual ALE
A8: Зниження ризику, % | B8: =B7/B4 -> 0.78125 | C8: Risk reduction / Initial ALE
A9: Комбінований CF | B9: =1-PRODUCT(1-DZ5_Controls!G3:G13) -> 0.16 | C9: 1 − PRODUCT(1 − CF_i)
A10: RR за CF | B10: =B4*(1-B9) -> 94860000 | C10: Initial ALE × (1 − Combined CF)
A11: Економічний ефект | B11: =B7-B6 -> 85126446 | C11: Risk reduction − annual control cost
A12: Benefit/Cost ratio | B12: =B7/B6 -> 28.469005 | C12: Risk reduction / annual control cost
A13: Рішення | B13: Впроваджувати базовий пакет контролів | C13: Витрати суттєво нижчі за очікуване зниження ризику
A14: Що робити із залишковим ризиком | B14: Прийняти частково + розглянути cyber insurance | C14: Страхування доцільне для залишкових регуляторних/репутаційних втрат
A16: Висновок
A17: 1) Економічна доцільність | B17: Так. Очікуване зниження ризику значно перевищує річну вартість контролів.
A18: 2) Чи потрібно ще інвестувати | B18: Так, але пріоритетно: після базового пакета інвестувати у SOC maturity, IAM governance, DLP tuning та регулярні тести відновлення.
A19: 3) Прийняття / страхування ризику | B19: Залишковий ризик не дорівнює нулю. Його доцільно частково прийняти за умови моніторингу KPI та розглянути cyber insurance.
A20: 4) Найбільший ефект | B20: MFA, WAF, SIEM/EDR, шифрування/DLP та IR-процес дають основну частину зниження ALE.
A21: 5) Умова перегляду | B21: Перераховувати модель після зміни кількості інцидентів, обсягу логів, цін ліцензій або результатів pentest/аудиту.
